[{"id": 1,"tipo": "Bar","slug": "bar"}, {"id": 2,"tipo": "Sala","slug": "sala"}, {"id": 3,"tipo": "Discoteca","slug": "discoteca"}, {"id": 4,"tipo": "Pub","slug": "pub"}, {"id": 5,"tipo": "Cafetería","slug": "cafeteria"}, {"id": 6,"tipo": "Churrería","slug": "churreria"}, {"id": 7,"tipo": "Restaurante","slug": "restaurante"}, {"id": 8,"tipo": "Cervecería","slug": "cerveceria"}, {"id": 9,"tipo": "Cine","slug": "cine"}, {"id": 10,"tipo": "Bolera","slug": "bolera"}, {"id": 11,"tipo": "Coctelería","slug": "cocteleria"}, {"id": 12,"tipo": "Tetería","slug": "teteria"}, {"id": 13,"tipo": "Shawarmería","slug": "shawarmeria"}, {"id": 14,"tipo": "Pizzería","slug": "pizzeria"}, {"id": 15,"tipo": "Heladería","slug": "heladeria"}]