[{"id": 1,"sitio_id": 4,"tipo_id": 1}, {"id": 2,"sitio_id": 23,"tipo_id": 2}, {"id": 3,"sitio_id": 6,"tipo_id": 2}, {"id": 4,"sitio_id": 7,"tipo_id": 3}, {"id": 5,"sitio_id": 22,"tipo_id": 4}, {"id": 6,"sitio_id": 24,"tipo_id": 4}, {"id": 7,"sitio_id": 25,"tipo_id": 1}, {"id": 8,"sitio_id": 26,"tipo_id": 1}, {"id": 9,"sitio_id": 27,"tipo_id": 4}, {"id": 10,"sitio_id": 28,"tipo_id": 4}, {"id": 11,"sitio_id": 29,"tipo_id": 4}, {"id": 12,"sitio_id": 30,"tipo_id": 4}, {"id": 13,"sitio_id": 31,"tipo_id": 4}, {"id": 14,"sitio_id": 32,"tipo_id": 1}, {"id": 15,"sitio_id": 33,"tipo_id": 1}, {"id": 583,"sitio_id": 75,"tipo_id": 2}, {"id": 17,"sitio_id": 56,"tipo_id": 1}, {"id": 18,"sitio_id": 57,"tipo_id": 1}, {"id": 19,"sitio_id": 36,"tipo_id": 1}, {"id": 20,"sitio_id": 37,"tipo_id": 1}, {"id": 21,"sitio_id": 38,"tipo_id": 1}, {"id": 22,"sitio_id": 39,"tipo_id": 1}, {"id": 23,"sitio_id": 40,"tipo_id": 1}, {"id": 24,"sitio_id": 41,"tipo_id": 1}, {"id": 25,"sitio_id": 42,"tipo_id": 2}, {"id": 26,"sitio_id": 196,"tipo_id": 1}, {"id": 27,"sitio_id": 44,"tipo_id": 1}, {"id": 28,"sitio_id": 45,"tipo_id": 2}, {"id": 29,"sitio_id": 46,"tipo_id": 3}, {"id": 30,"sitio_id": 47,"tipo_id": 4}, {"id": 31,"sitio_id": 48,"tipo_id": 5}, {"id": 32,"sitio_id": 49,"tipo_id": 3}, {"id": 33,"sitio_id": 50,"tipo_id": 3}, {"id": 34,"sitio_id": 51,"tipo_id": 1}, {"id": 35,"sitio_id": 52,"tipo_id": 1}, {"id": 36,"sitio_id": 53,"tipo_id": 1}, {"id": 37,"sitio_id": 54,"tipo_id": 1}, {"id": 38,"sitio_id": 55,"tipo_id": 1}, {"id": 39,"sitio_id": 58,"tipo_id": 2}, {"id": 385,"sitio_id": 59,"tipo_id": 4}, {"id": 41,"sitio_id": 60,"tipo_id": 4}, {"id": 42,"sitio_id": 219,"tipo_id": 6}, {"id": 43,"sitio_id": 62,"tipo_id": 4}, {"id": 44,"sitio_id": 63,"tipo_id": 4}, {"id": 45,"sitio_id": 65,"tipo_id": 4}, {"id": 46,"sitio_id": 66,"tipo_id": 4}, {"id": 47,"sitio_id": 67,"tipo_id": 4}, {"id": 48,"sitio_id": 68,"tipo_id": 4}, {"id": 49,"sitio_id": 69,"tipo_id": 4}, {"id": 50,"sitio_id": 70,"tipo_id": 4}, {"id": 51,"sitio_id": 71,"tipo_id": 1}, {"id": 52,"sitio_id": 72,"tipo_id": 5}, {"id": 53,"sitio_id": 73,"tipo_id": 5}, {"id": 54,"sitio_id": 74,"tipo_id": 1}, {"id": 55,"sitio_id": 76,"tipo_id": 3}, {"id": 242,"sitio_id": 77,"tipo_id": 2}, {"id": 57,"sitio_id": 78,"tipo_id": 1}, {"id": 58,"sitio_id": 79,"tipo_id": 1}, {"id": 59,"sitio_id": 80,"tipo_id": 1}, {"id": 60,"sitio_id": 81,"tipo_id": 1}, {"id": 61,"sitio_id": 84,"tipo_id": 1}, {"id": 62,"sitio_id": 83,"tipo_id": 1}, {"id": 63,"sitio_id": 85,"tipo_id": 7}, {"id": 64,"sitio_id": 86,"tipo_id": 5}, {"id": 65,"sitio_id": 87,"tipo_id": 4}, {"id": 66,"sitio_id": 88,"tipo_id": 4}, {"id": 67,"sitio_id": 89,"tipo_id": 4}, {"id": 68,"sitio_id": 90,"tipo_id": 3}, {"id": 69,"sitio_id": 91,"tipo_id": 3}, {"id": 70,"sitio_id": 92,"tipo_id": 4}, {"id": 71,"sitio_id": 93,"tipo_id": 1}, {"id": 253,"sitio_id": 94,"tipo_id": 7}, {"id": 73,"sitio_id": 95,"tipo_id": 5}, {"id": 74,"sitio_id": 96,"tipo_id": 1}, {"id": 309,"sitio_id": 97,"tipo_id": 1}, {"id": 76,"sitio_id": 98,"tipo_id": 1}, {"id": 376,"sitio_id": 99,"tipo_id": 1}, {"id": 78,"sitio_id": 100,"tipo_id": 5}, {"id": 79,"sitio_id": 101,"tipo_id": 1}, {"id": 80,"sitio_id": 102,"tipo_id": 1}, {"id": 81,"sitio_id": 103,"tipo_id": 1}, {"id": 82,"sitio_id": 104,"tipo_id": 1}, {"id": 83,"sitio_id": 105,"tipo_id": 1}, {"id": 390,"sitio_id": 106,"tipo_id": 5}, {"id": 85,"sitio_id": 107,"tipo_id": 7}, {"id": 86,"sitio_id": 108,"tipo_id": 1}, {"id": 87,"sitio_id": 109,"tipo_id": 7}, {"id": 88,"sitio_id": 110,"tipo_id": 1}, {"id": 89,"sitio_id": 111,"tipo_id": 4}, {"id": 90,"sitio_id": 112,"tipo_id": 7}, {"id": 91,"sitio_id": 113,"tipo_id": 4}, {"id": 92,"sitio_id": 114,"tipo_id": 1}, {"id": 93,"sitio_id": 115,"tipo_id": 1}, {"id": 94,"sitio_id": 116,"tipo_id": 3}, {"id": 307,"sitio_id": 117,"tipo_id": 4}, {"id": 96,"sitio_id": 118,"tipo_id": 1}, {"id": 97,"sitio_id": 119,"tipo_id": 7}, {"id": 440,"sitio_id": 120,"tipo_id": 1}, {"id": 99,"sitio_id": 121,"tipo_id": 7}, {"id": 100,"sitio_id": 122,"tipo_id": 4}, {"id": 101,"sitio_id": 123,"tipo_id": 1}, {"id": 102,"sitio_id": 124,"tipo_id": 1}, {"id": 103,"sitio_id": 125,"tipo_id": 1}, {"id": 104,"sitio_id": 126,"tipo_id": 1}, {"id": 105,"sitio_id": 127,"tipo_id": 1}, {"id": 106,"sitio_id": 128,"tipo_id": 1}, {"id": 107,"sitio_id": 129,"tipo_id": 1}, {"id": 108,"sitio_id": 130,"tipo_id": 1}, {"id": 109,"sitio_id": 131,"tipo_id": 1}, {"id": 110,"sitio_id": 132,"tipo_id": 1}, {"id": 111,"sitio_id": 133,"tipo_id": 1}, {"id": 113,"sitio_id": 135,"tipo_id": 1}, {"id": 114,"sitio_id": 136,"tipo_id": 5}, {"id": 115,"sitio_id": 137,"tipo_id": 5}, {"id": 116,"sitio_id": 140,"tipo_id": 5}, {"id": 117,"sitio_id": 139,"tipo_id": 1}, {"id": 410,"sitio_id": 142,"tipo_id": 5}, {"id": 397,"sitio_id": 143,"tipo_id": 14}, {"id": 398,"sitio_id": 144,"tipo_id": 14}, {"id": 399,"sitio_id": 145,"tipo_id": 14}, {"id": 122,"sitio_id": 146,"tipo_id": 1}, {"id": 123,"sitio_id": 147,"tipo_id": 5}, {"id": 124,"sitio_id": 149,"tipo_id": 4}, {"id": 125,"sitio_id": 150,"tipo_id": 1}, {"id": 126,"sitio_id": 151,"tipo_id": 1}, {"id": 127,"sitio_id": 152,"tipo_id": 5}, {"id": 128,"sitio_id": 153,"tipo_id": 7}, {"id": 129,"sitio_id": 160,"tipo_id": 1}, {"id": 130,"sitio_id": 159,"tipo_id": 1}, {"id": 131,"sitio_id": 161,"tipo_id": 5}, {"id": 132,"sitio_id": 162,"tipo_id": 7}, {"id": 133,"sitio_id": 163,"tipo_id": 1}, {"id": 134,"sitio_id": 164,"tipo_id": 5}, {"id": 135,"sitio_id": 165,"tipo_id": 1}, {"id": 250,"sitio_id": 166,"tipo_id": 7}, {"id": 137,"sitio_id": 167,"tipo_id": 1}, {"id": 138,"sitio_id": 168,"tipo_id": 1}, {"id": 139,"sitio_id": 170,"tipo_id": 7}, {"id": 140,"sitio_id": 173,"tipo_id": 7}, {"id": 141,"sitio_id": 174,"tipo_id": 1}, {"id": 142,"sitio_id": 175,"tipo_id": 7}, {"id": 143,"sitio_id": 193,"tipo_id": 5}, {"id": 144,"sitio_id": 194,"tipo_id": 8}, {"id": 145,"sitio_id": 179,"tipo_id": 7}, {"id": 146,"sitio_id": 181,"tipo_id": 5}, {"id": 147,"sitio_id": 182,"tipo_id": 7}, {"id": 148,"sitio_id": 183,"tipo_id": 1}, {"id": 149,"sitio_id": 184,"tipo_id": 4}, {"id": 150,"sitio_id": 185,"tipo_id": 7}, {"id": 151,"sitio_id": 186,"tipo_id": 4}, {"id": 152,"sitio_id": 187,"tipo_id": 4}, {"id": 153,"sitio_id": 188,"tipo_id": 1}, {"id": 154,"sitio_id": 189,"tipo_id": 5}, {"id": 155,"sitio_id": 190,"tipo_id": 1}, {"id": 156,"sitio_id": 191,"tipo_id": 7}, {"id": 157,"sitio_id": 199,"tipo_id": 4}, {"id": 158,"sitio_id": 200,"tipo_id": 1}, {"id": 159,"sitio_id": 201,"tipo_id": 5}, {"id": 160,"sitio_id": 202,"tipo_id": 9}, {"id": 161,"sitio_id": 203,"tipo_id": 4}, {"id": 162,"sitio_id": 204,"tipo_id": 1}, {"id": 163,"sitio_id": 205,"tipo_id": 5}, {"id": 164,"sitio_id": 206,"tipo_id": 10}, {"id": 165,"sitio_id": 207,"tipo_id": 1}, {"id": 166,"sitio_id": 208,"tipo_id": 6}, {"id": 167,"sitio_id": 209,"tipo_id": 4}, {"id": 168,"sitio_id": 210,"tipo_id": 1}, {"id": 169,"sitio_id": 211,"tipo_id": 8}, {"id": 170,"sitio_id": 238,"tipo_id": 8}, {"id": 171,"sitio_id": 213,"tipo_id": 4}, {"id": 172,"sitio_id": 214,"tipo_id": 9}, {"id": 173,"sitio_id": 215,"tipo_id": 9}, {"id": 174,"sitio_id": 216,"tipo_id": 1}, {"id": 175,"sitio_id": 217,"tipo_id": 4}, {"id": 176,"sitio_id": 221,"tipo_id": 4}, {"id": 177,"sitio_id": 222,"tipo_id": 5}, {"id": 178,"sitio_id": 223,"tipo_id": 1}, {"id": 179,"sitio_id": 224,"tipo_id": 7}, {"id": 180,"sitio_id": 226,"tipo_id": 5}, {"id": 181,"sitio_id": 227,"tipo_id": 7}, {"id": 182,"sitio_id": 228,"tipo_id": 1}, {"id": 183,"sitio_id": 229,"tipo_id": 5}, {"id": 184,"sitio_id": 230,"tipo_id": 1}, {"id": 957,"sitio_id": 231,"tipo_id": 11}, {"id": 281,"sitio_id": 232,"tipo_id": 2}, {"id": 187,"sitio_id": 233,"tipo_id": 1}, {"id": 188,"sitio_id": 234,"tipo_id": 7}, {"id": 189,"sitio_id": 235,"tipo_id": 3}, {"id": 190,"sitio_id": 236,"tipo_id": 8}, {"id": 191,"sitio_id": 237,"tipo_id": 8}, {"id": 192,"sitio_id": 239,"tipo_id": 1}, {"id": 193,"sitio_id": 240,"tipo_id": 5}, {"id": 194,"sitio_id": 241,"tipo_id": 1}, {"id": 195,"sitio_id": 242,"tipo_id": 5}, {"id": 196,"sitio_id": 243,"tipo_id": 1}, {"id": 197,"sitio_id": 244,"tipo_id": 4}, {"id": 198,"sitio_id": 245,"tipo_id": 4}, {"id": 199,"sitio_id": 246,"tipo_id": 8}, {"id": 200,"sitio_id": 247,"tipo_id": 5}, {"id": 202,"sitio_id": 249,"tipo_id": 7}, {"id": 203,"sitio_id": 250,"tipo_id": 8}, {"id": 204,"sitio_id": 251,"tipo_id": 4}, {"id": 205,"sitio_id": 252,"tipo_id": 4}, {"id": 206,"sitio_id": 253,"tipo_id": 4}, {"id": 207,"sitio_id": 254,"tipo_id": 4}, {"id": 208,"sitio_id": 255,"tipo_id": 4}, {"id": 209,"sitio_id": 256,"tipo_id": 4}, {"id": 210,"sitio_id": 257,"tipo_id": 4}, {"id": 211,"sitio_id": 258,"tipo_id": 1}, {"id": 349,"sitio_id": 259,"tipo_id": 1}, {"id": 213,"sitio_id": 260,"tipo_id": 7}, {"id": 214,"sitio_id": 261,"tipo_id": 8}, {"id": 215,"sitio_id": 262,"tipo_id": 8}, {"id": 216,"sitio_id": 267,"tipo_id": 3}, {"id": 217,"sitio_id": 268,"tipo_id": 1}, {"id": 218,"sitio_id": 269,"tipo_id": 8}, {"id": 219,"sitio_id": 270,"tipo_id": 4}, {"id": 220,"sitio_id": 273,"tipo_id": 8}, {"id": 221,"sitio_id": 274,"tipo_id": 8}, {"id": 222,"sitio_id": 275,"tipo_id": 1}, {"id": 223,"sitio_id": 276,"tipo_id": 8}, {"id": 224,"sitio_id": 277,"tipo_id": 8}, {"id": 304,"sitio_id": 330,"tipo_id": 7}, {"id": 226,"sitio_id": 279,"tipo_id": 1}, {"id": 227,"sitio_id": 280,"tipo_id": 3}, {"id": 228,"sitio_id": 281,"tipo_id": 7}, {"id": 229,"sitio_id": 282,"tipo_id": 1}, {"id": 230,"sitio_id": 283,"tipo_id": 1}, {"id": 231,"sitio_id": 284,"tipo_id": 1}, {"id": 232,"sitio_id": 285,"tipo_id": 5}, {"id": 233,"sitio_id": 286,"tipo_id": 4}, {"id": 234,"sitio_id": 287,"tipo_id": 2}, {"id": 235,"sitio_id": 288,"tipo_id": 2}, {"id": 236,"sitio_id": 289,"tipo_id": 7}, {"id": 238,"sitio_id": 290,"tipo_id": 7}, {"id": 239,"sitio_id": 291,"tipo_id": 4}, {"id": 240,"sitio_id": 292,"tipo_id": 1}, {"id": 241,"sitio_id": 293,"tipo_id": 4}, {"id": 243,"sitio_id": 294,"tipo_id": 1}, {"id": 244,"sitio_id": 294,"tipo_id": 8}, {"id": 245,"sitio_id": 294,"tipo_id": 7}, {"id": 246,"sitio_id": 295,"tipo_id": 1}, {"id": 248,"sitio_id": 296,"tipo_id": 7}, {"id": 259,"sitio_id": 299,"tipo_id": 5}, {"id": 252,"sitio_id": 298,"tipo_id": 7}, {"id": 258,"sitio_id": 299,"tipo_id": 1}, {"id": 257,"sitio_id": 299,"tipo_id": 8}, {"id": 519,"sitio_id": 300,"tipo_id": 7}, {"id": 261,"sitio_id": 301,"tipo_id": 7}, {"id": 262,"sitio_id": 302,"tipo_id": 7}, {"id": 263,"sitio_id": 303,"tipo_id": 7}, {"id": 264,"sitio_id": 304,"tipo_id": 2}, {"id": 265,"sitio_id": 305,"tipo_id": 3}, {"id": 266,"sitio_id": 306,"tipo_id": 3}, {"id": 267,"sitio_id": 307,"tipo_id": 5}, {"id": 268,"sitio_id": 307,"tipo_id": 4}, {"id": 269,"sitio_id": 308,"tipo_id": 4}, {"id": 270,"sitio_id": 309,"tipo_id": 1}, {"id": 272,"sitio_id": 310,"tipo_id": 5}, {"id": 273,"sitio_id": 310,"tipo_id": 7}, {"id": 274,"sitio_id": 311,"tipo_id": 7}, {"id": 276,"sitio_id": 312,"tipo_id": 3}, {"id": 278,"sitio_id": 313,"tipo_id": 7}, {"id": 280,"sitio_id": 314,"tipo_id": 7}, {"id": 282,"sitio_id": 315,"tipo_id": 1}, {"id": 283,"sitio_id": 315,"tipo_id": 7}, {"id": 284,"sitio_id": 316,"tipo_id": 7}, {"id": 285,"sitio_id": 317,"tipo_id": 3}, {"id": 286,"sitio_id": 318,"tipo_id": 3}, {"id": 413,"sitio_id": 319,"tipo_id": 1}, {"id": 288,"sitio_id": 320,"tipo_id": 1}, {"id": 289,"sitio_id": 321,"tipo_id": 8}, {"id": 290,"sitio_id": 321,"tipo_id": 4}, {"id": 291,"sitio_id": 322,"tipo_id": 1}, {"id": 292,"sitio_id": 322,"tipo_id": 4}, {"id": 293,"sitio_id": 323,"tipo_id": 1}, {"id": 294,"sitio_id": 323,"tipo_id": 4}, {"id": 295,"sitio_id": 324,"tipo_id": 1}, {"id": 296,"sitio_id": 324,"tipo_id": 4}, {"id": 297,"sitio_id": 325,"tipo_id": 5}, {"id": 298,"sitio_id": 326,"tipo_id": 1}, {"id": 299,"sitio_id": 326,"tipo_id": 5}, {"id": 300,"sitio_id": 327,"tipo_id": 3}, {"id": 301,"sitio_id": 328,"tipo_id": 3}, {"id": 302,"sitio_id": 329,"tipo_id": 6}, {"id": 305,"sitio_id": 331,"tipo_id": 7}, {"id": 310,"sitio_id": 332,"tipo_id": 1}, {"id": 311,"sitio_id": 332,"tipo_id": 5}, {"id": 312,"sitio_id": 333,"tipo_id": 1}, {"id": 313,"sitio_id": 334,"tipo_id": 12}, {"id": 314,"sitio_id": 335,"tipo_id": 1}, {"id": 315,"sitio_id": 335,"tipo_id": 5}, {"id": 316,"sitio_id": 336,"tipo_id": 5}, {"id": 317,"sitio_id": 337,"tipo_id": 5}, {"id": 318,"sitio_id": 338,"tipo_id": 1}, {"id": 319,"sitio_id": 339,"tipo_id": 14}, {"id": 320,"sitio_id": 339,"tipo_id": 7}, {"id": 321,"sitio_id": 340,"tipo_id": 7}, {"id": 322,"sitio_id": 341,"tipo_id": 1}, {"id": 323,"sitio_id": 341,"tipo_id": 7}, {"id": 324,"sitio_id": 342,"tipo_id": 7}, {"id": 325,"sitio_id": 343,"tipo_id": 1}, {"id": 326,"sitio_id": 343,"tipo_id": 8}, {"id": 327,"sitio_id": 344,"tipo_id": 7}, {"id": 328,"sitio_id": 345,"tipo_id": 1}, {"id": 329,"sitio_id": 345,"tipo_id": 5}, {"id": 330,"sitio_id": 345,"tipo_id": 7}, {"id": 331,"sitio_id": 346,"tipo_id": 7}, {"id": 332,"sitio_id": 347,"tipo_id": 7}, {"id": 333,"sitio_id": 348,"tipo_id": 7}, {"id": 334,"sitio_id": 349,"tipo_id": 7}, {"id": 338,"sitio_id": 350,"tipo_id": 4}, {"id": 337,"sitio_id": 350,"tipo_id": 1}, {"id": 339,"sitio_id": 351,"tipo_id": 7}, {"id": 340,"sitio_id": 352,"tipo_id": 7}, {"id": 341,"sitio_id": 353,"tipo_id": 7}, {"id": 344,"sitio_id": 354,"tipo_id": 7}, {"id": 345,"sitio_id": 355,"tipo_id": 7}, {"id": 346,"sitio_id": 356,"tipo_id": 7}, {"id": 351,"sitio_id": 357,"tipo_id": 7}, {"id": 350,"sitio_id": 359,"tipo_id": 8}, {"id": 353,"sitio_id": 360,"tipo_id": 7}, {"id": 354,"sitio_id": 361,"tipo_id": 8}, {"id": 355,"sitio_id": 362,"tipo_id": 1}, {"id": 356,"sitio_id": 362,"tipo_id": 5}, {"id": 357,"sitio_id": 362,"tipo_id": 4}, {"id": 358,"sitio_id": 363,"tipo_id": 1}, {"id": 359,"sitio_id": 363,"tipo_id": 5}, {"id": 360,"sitio_id": 363,"tipo_id": 4}, {"id": 361,"sitio_id": 364,"tipo_id": 1}, {"id": 362,"sitio_id": 364,"tipo_id": 3}, {"id": 363,"sitio_id": 364,"tipo_id": 4}, {"id": 364,"sitio_id": 365,"tipo_id": 1}, {"id": 365,"sitio_id": 365,"tipo_id": 4}, {"id": 366,"sitio_id": 366,"tipo_id": 14}, {"id": 367,"sitio_id": 366,"tipo_id": 7}, {"id": 368,"sitio_id": 367,"tipo_id": 7}, {"id": 369,"sitio_id": 368,"tipo_id": 1}, {"id": 370,"sitio_id": 369,"tipo_id": 7}, {"id": 371,"sitio_id": 370,"tipo_id": 7}, {"id": 372,"sitio_id": 371,"tipo_id": 7}, {"id": 373,"sitio_id": 372,"tipo_id": 1}, {"id": 374,"sitio_id": 372,"tipo_id": 7}, {"id": 375,"sitio_id": 373,"tipo_id": 4}, {"id": 377,"sitio_id": 99,"tipo_id": 7}, {"id": 378,"sitio_id": 374,"tipo_id": 9}, {"id": 379,"sitio_id": 375,"tipo_id": 1}, {"id": 380,"sitio_id": 376,"tipo_id": 1}, {"id": 381,"sitio_id": 376,"tipo_id": 5}, {"id": 382,"sitio_id": 377,"tipo_id": 1}, {"id": 383,"sitio_id": 378,"tipo_id": 7}, {"id": 384,"sitio_id": 379,"tipo_id": 4}, {"id": 386,"sitio_id": 380,"tipo_id": 1}, {"id": 387,"sitio_id": 380,"tipo_id": 8}, {"id": 388,"sitio_id": 381,"tipo_id": 11}, {"id": 389,"sitio_id": 381,"tipo_id": 4}, {"id": 391,"sitio_id": 106,"tipo_id": 15}, {"id": 392,"sitio_id": 382,"tipo_id": 1}, {"id": 393,"sitio_id": 382,"tipo_id": 8}, {"id": 394,"sitio_id": 383,"tipo_id": 1}, {"id": 395,"sitio_id": 383,"tipo_id": 4}, {"id": 405,"sitio_id": 384,"tipo_id": 7}, {"id": 400,"sitio_id": 385,"tipo_id": 7}, {"id": 401,"sitio_id": 386,"tipo_id": 7}, {"id": 402,"sitio_id": 387,"tipo_id": 7}, {"id": 434,"sitio_id": 388,"tipo_id": 1}, {"id": 433,"sitio_id": 388,"tipo_id": 8}, {"id": 409,"sitio_id": 389,"tipo_id": 1}, {"id": 411,"sitio_id": 390,"tipo_id": 1}, {"id": 412,"sitio_id": 390,"tipo_id": 8}, {"id": 414,"sitio_id": 319,"tipo_id": 5}, {"id": 415,"sitio_id": 391,"tipo_id": 7}, {"id": 416,"sitio_id": 392,"tipo_id": 1}, {"id": 417,"sitio_id": 393,"tipo_id": 14}, {"id": 418,"sitio_id": 393,"tipo_id": 7}, {"id": 419,"sitio_id": 394,"tipo_id": 1}, {"id": 420,"sitio_id": 394,"tipo_id": 5}, {"id": 421,"sitio_id": 395,"tipo_id": 4}, {"id": 422,"sitio_id": 396,"tipo_id": 1}, {"id": 423,"sitio_id": 396,"tipo_id": 5}, {"id": 424,"sitio_id": 396,"tipo_id": 7}, {"id": 425,"sitio_id": 397,"tipo_id": 1}, {"id": 426,"sitio_id": 398,"tipo_id": 1}, {"id": 427,"sitio_id": 398,"tipo_id": 5}, {"id": 428,"sitio_id": 398,"tipo_id": 12}, {"id": 429,"sitio_id": 399,"tipo_id": 1}, {"id": 430,"sitio_id": 399,"tipo_id": 5}, {"id": 431,"sitio_id": 399,"tipo_id": 11}, {"id": 432,"sitio_id": 399,"tipo_id": 4}, {"id": 435,"sitio_id": 400,"tipo_id": 1}, {"id": 436,"sitio_id": 400,"tipo_id": 6}, {"id": 438,"sitio_id": 401,"tipo_id": 7}, {"id": 439,"sitio_id": 402,"tipo_id": 12}, {"id": 441,"sitio_id": 403,"tipo_id": 1}, {"id": 442,"sitio_id": 403,"tipo_id": 5}, {"id": 443,"sitio_id": 403,"tipo_id": 9}, {"id": 444,"sitio_id": 403,"tipo_id": 2}, {"id": 445,"sitio_id": 404,"tipo_id": 1}, {"id": 502,"sitio_id": 405,"tipo_id": 7}, {"id": 448,"sitio_id": 406,"tipo_id": 4}, {"id": 449,"sitio_id": 407,"tipo_id": 1}, {"id": 450,"sitio_id": 407,"tipo_id": 7}, {"id": 451,"sitio_id": 408,"tipo_id": 1}, {"id": 452,"sitio_id": 408,"tipo_id": 8}, {"id": 453,"sitio_id": 409,"tipo_id": 7}, {"id": 454,"sitio_id": 410,"tipo_id": 7}, {"id": 455,"sitio_id": 411,"tipo_id": 1}, {"id": 456,"sitio_id": 411,"tipo_id": 5}, {"id": 457,"sitio_id": 411,"tipo_id": 8}, {"id": 458,"sitio_id": 411,"tipo_id": 15}, {"id": 459,"sitio_id": 411,"tipo_id": 7}, {"id": 460,"sitio_id": 412,"tipo_id": 1}, {"id": 461,"sitio_id": 412,"tipo_id": 5}, {"id": 462,"sitio_id": 412,"tipo_id": 8}, {"id": 463,"sitio_id": 412,"tipo_id": 6}, {"id": 464,"sitio_id": 412,"tipo_id": 15}, {"id": 465,"sitio_id": 412,"tipo_id": 7}, {"id": 466,"sitio_id": 413,"tipo_id": 1}, {"id": 467,"sitio_id": 413,"tipo_id": 5}, {"id": 468,"sitio_id": 413,"tipo_id": 8}, {"id": 469,"sitio_id": 413,"tipo_id": 11}, {"id": 470,"sitio_id": 413,"tipo_id": 7}, {"id": 471,"sitio_id": 414,"tipo_id": 8}, {"id": 472,"sitio_id": 414,"tipo_id": 7}, {"id": 508,"sitio_id": 415,"tipo_id": 5}, {"id": 506,"sitio_id": 415,"tipo_id": 3}, {"id": 507,"sitio_id": 415,"tipo_id": 4}, {"id": 476,"sitio_id": 416,"tipo_id": 1}, {"id": 477,"sitio_id": 416,"tipo_id": 5}, {"id": 478,"sitio_id": 416,"tipo_id": 7}, {"id": 479,"sitio_id": 417,"tipo_id": 1}, {"id": 480,"sitio_id": 417,"tipo_id": 5}, {"id": 481,"sitio_id": 417,"tipo_id": 7}, {"id": 482,"sitio_id": 418,"tipo_id": 1}, {"id": 483,"sitio_id": 418,"tipo_id": 14}, {"id": 484,"sitio_id": 418,"tipo_id": 7}, {"id": 485,"sitio_id": 419,"tipo_id": 4}, {"id": 486,"sitio_id": 419,"tipo_id": 2}, {"id": 487,"sitio_id": 420,"tipo_id": 1}, {"id": 488,"sitio_id": 420,"tipo_id": 7}, {"id": 489,"sitio_id": 421,"tipo_id": 7}, {"id": 490,"sitio_id": 422,"tipo_id": 1}, {"id": 491,"sitio_id": 422,"tipo_id": 8}, {"id": 492,"sitio_id": 422,"tipo_id": 11}, {"id": 493,"sitio_id": 422,"tipo_id": 7}, {"id": 494,"sitio_id": 423,"tipo_id": 12}, {"id": 495,"sitio_id": 424,"tipo_id": 1}, {"id": 496,"sitio_id": 424,"tipo_id": 4}, {"id": 497,"sitio_id": 425,"tipo_id": 1}, {"id": 498,"sitio_id": 425,"tipo_id": 4}, {"id": 499,"sitio_id": 426,"tipo_id": 5}, {"id": 500,"sitio_id": 426,"tipo_id": 15}, {"id": 501,"sitio_id": 427,"tipo_id": 1}, {"id": 509,"sitio_id": 428,"tipo_id": 8}, {"id": 510,"sitio_id": 429,"tipo_id": 1}, {"id": 511,"sitio_id": 429,"tipo_id": 5}, {"id": 512,"sitio_id": 430,"tipo_id": 7}, {"id": 513,"sitio_id": 431,"tipo_id": 7}, {"id": 514,"sitio_id": 432,"tipo_id": 2}, {"id": 515,"sitio_id": 433,"tipo_id": 3}, {"id": 516,"sitio_id": 433,"tipo_id": 2}, {"id": 517,"sitio_id": 434,"tipo_id": 14}, {"id": 518,"sitio_id": 434,"tipo_id": 7}, {"id": 520,"sitio_id": 435,"tipo_id": 5}, {"id": 521,"sitio_id": 435,"tipo_id": 15}, {"id": 522,"sitio_id": 435,"tipo_id": 2}, {"id": 523,"sitio_id": 435,"tipo_id": 12}, {"id": 524,"sitio_id": 436,"tipo_id": 7}, {"id": 525,"sitio_id": 437,"tipo_id": 1}, {"id": 526,"sitio_id": 437,"tipo_id": 7}, {"id": 527,"sitio_id": 438,"tipo_id": 1}, {"id": 528,"sitio_id": 438,"tipo_id": 7}, {"id": 529,"sitio_id": 439,"tipo_id": 1}, {"id": 530,"sitio_id": 439,"tipo_id": 4}, {"id": 531,"sitio_id": 440,"tipo_id": 1}, {"id": 532,"sitio_id": 440,"tipo_id": 8}, {"id": 533,"sitio_id": 440,"tipo_id": 14}, {"id": 534,"sitio_id": 440,"tipo_id": 7}, {"id": 535,"sitio_id": 441,"tipo_id": 1}, {"id": 536,"sitio_id": 441,"tipo_id": 4}, {"id": 537,"sitio_id": 441,"tipo_id": 7}, {"id": 538,"sitio_id": 442,"tipo_id": 2}, {"id": 539,"sitio_id": 443,"tipo_id": 1}, {"id": 540,"sitio_id": 443,"tipo_id": 5}, {"id": 541,"sitio_id": 443,"tipo_id": 12}, {"id": 547,"sitio_id": 444,"tipo_id": 7}, {"id": 546,"sitio_id": 444,"tipo_id": 5}, {"id": 545,"sitio_id": 444,"tipo_id": 1}, {"id": 548,"sitio_id": 445,"tipo_id": 7}, {"id": 549,"sitio_id": 446,"tipo_id": 1}, {"id": 550,"sitio_id": 446,"tipo_id": 11}, {"id": 551,"sitio_id": 447,"tipo_id": 3}, {"id": 552,"sitio_id": 448,"tipo_id": 3}, {"id": 553,"sitio_id": 448,"tipo_id": 4}, {"id": 554,"sitio_id": 449,"tipo_id": 1}, {"id": 555,"sitio_id": 449,"tipo_id": 5}, {"id": 556,"sitio_id": 449,"tipo_id": 8}, {"id": 557,"sitio_id": 449,"tipo_id": 7}, {"id": 558,"sitio_id": 450,"tipo_id": 7}, {"id": 559,"sitio_id": 451,"tipo_id": 1}, {"id": 560,"sitio_id": 451,"tipo_id": 5}, {"id": 561,"sitio_id": 451,"tipo_id": 6}, {"id": 562,"sitio_id": 451,"tipo_id": 7}, {"id": 563,"sitio_id": 452,"tipo_id": 1}, {"id": 564,"sitio_id": 452,"tipo_id": 5}, {"id": 565,"sitio_id": 452,"tipo_id": 7}, {"id": 566,"sitio_id": 453,"tipo_id": 1}, {"id": 567,"sitio_id": 453,"tipo_id": 5}, {"id": 568,"sitio_id": 453,"tipo_id": 8}, {"id": 578,"sitio_id": 454,"tipo_id": 1}, {"id": 580,"sitio_id": 454,"tipo_id": 4}, {"id": 579,"sitio_id": 454,"tipo_id": 2}, {"id": 572,"sitio_id": 455,"tipo_id": 1}, {"id": 573,"sitio_id": 455,"tipo_id": 5}, {"id": 574,"sitio_id": 455,"tipo_id": 11}, {"id": 769,"sitio_id": 602,"tipo_id": 1}, {"id": 584,"sitio_id": 75,"tipo_id": 3}, {"id": 585,"sitio_id": 457,"tipo_id": 1}, {"id": 586,"sitio_id": 457,"tipo_id": 8}, {"id": 587,"sitio_id": 458,"tipo_id": 1}, {"id": 588,"sitio_id": 459,"tipo_id": 1}, {"id": 589,"sitio_id": 459,"tipo_id": 8}, {"id": 590,"sitio_id": 460,"tipo_id": 1}, {"id": 591,"sitio_id": 460,"tipo_id": 8}, {"id": 592,"sitio_id": 461,"tipo_id": 1}, {"id": 593,"sitio_id": 462,"tipo_id": 1}, {"id": 594,"sitio_id": 463,"tipo_id": 1}, {"id": 595,"sitio_id": 464,"tipo_id": 1}, {"id": 596,"sitio_id": 464,"tipo_id": 7}, {"id": 597,"sitio_id": 465,"tipo_id": 1}, {"id": 598,"sitio_id": 465,"tipo_id": 7}, {"id": 599,"sitio_id": 466,"tipo_id": 1}, {"id": 600,"sitio_id": 467,"tipo_id": 1}, {"id": 601,"sitio_id": 468,"tipo_id": 1}, {"id": 602,"sitio_id": 469,"tipo_id": 1}, {"id": 603,"sitio_id": 470,"tipo_id": 1}, {"id": 604,"sitio_id": 470,"tipo_id": 7}, {"id": 605,"sitio_id": 471,"tipo_id": 1}, {"id": 606,"sitio_id": 472,"tipo_id": 1}, {"id": 607,"sitio_id": 473,"tipo_id": 1}, {"id": 608,"sitio_id": 474,"tipo_id": 1}, {"id": 609,"sitio_id": 475,"tipo_id": 1}, {"id": 610,"sitio_id": 476,"tipo_id": 1}, {"id": 611,"sitio_id": 477,"tipo_id": 1}, {"id": 612,"sitio_id": 478,"tipo_id": 1}, {"id": 613,"sitio_id": 479,"tipo_id": 1}, {"id": 614,"sitio_id": 480,"tipo_id": 1}, {"id": 615,"sitio_id": 481,"tipo_id": 1}, {"id": 616,"sitio_id": 481,"tipo_id": 7}, {"id": 617,"sitio_id": 482,"tipo_id": 1}, {"id": 618,"sitio_id": 483,"tipo_id": 1}, {"id": 619,"sitio_id": 484,"tipo_id": 1}, {"id": 620,"sitio_id": 485,"tipo_id": 1}, {"id": 621,"sitio_id": 485,"tipo_id": 7}, {"id": 622,"sitio_id": 486,"tipo_id": 1}, {"id": 623,"sitio_id": 487,"tipo_id": 1}, {"id": 624,"sitio_id": 487,"tipo_id": 7}, {"id": 625,"sitio_id": 488,"tipo_id": 1}, {"id": 626,"sitio_id": 489,"tipo_id": 1}, {"id": 627,"sitio_id": 490,"tipo_id": 1}, {"id": 628,"sitio_id": 491,"tipo_id": 1}, {"id": 629,"sitio_id": 492,"tipo_id": 1}, {"id": 630,"sitio_id": 492,"tipo_id": 7}, {"id": 631,"sitio_id": 493,"tipo_id": 1}, {"id": 632,"sitio_id": 494,"tipo_id": 1}, {"id": 633,"sitio_id": 494,"tipo_id": 7}, {"id": 634,"sitio_id": 495,"tipo_id": 1}, {"id": 635,"sitio_id": 496,"tipo_id": 1}, {"id": 636,"sitio_id": 497,"tipo_id": 1}, {"id": 637,"sitio_id": 498,"tipo_id": 1}, {"id": 638,"sitio_id": 498,"tipo_id": 7}, {"id": 639,"sitio_id": 499,"tipo_id": 1}, {"id": 640,"sitio_id": 499,"tipo_id": 7}, {"id": 641,"sitio_id": 500,"tipo_id": 1}, {"id": 642,"sitio_id": 500,"tipo_id": 7}, {"id": 643,"sitio_id": 501,"tipo_id": 1}, {"id": 644,"sitio_id": 502,"tipo_id": 1}, {"id": 645,"sitio_id": 502,"tipo_id": 7}, {"id": 646,"sitio_id": 503,"tipo_id": 1}, {"id": 647,"sitio_id": 503,"tipo_id": 7}, {"id": 648,"sitio_id": 504,"tipo_id": 1}, {"id": 649,"sitio_id": 505,"tipo_id": 1}, {"id": 650,"sitio_id": 506,"tipo_id": 1}, {"id": 651,"sitio_id": 507,"tipo_id": 1}, {"id": 652,"sitio_id": 507,"tipo_id": 5}, {"id": 653,"sitio_id": 507,"tipo_id": 7}, {"id": 654,"sitio_id": 508,"tipo_id": 1}, {"id": 655,"sitio_id": 509,"tipo_id": 7}, {"id": 656,"sitio_id": 510,"tipo_id": 1}, {"id": 657,"sitio_id": 511,"tipo_id": 1}, {"id": 658,"sitio_id": 512,"tipo_id": 1}, {"id": 659,"sitio_id": 513,"tipo_id": 1}, {"id": 660,"sitio_id": 513,"tipo_id": 7}, {"id": 661,"sitio_id": 514,"tipo_id": 1}, {"id": 662,"sitio_id": 515,"tipo_id": 1}, {"id": 663,"sitio_id": 516,"tipo_id": 1}, {"id": 664,"sitio_id": 516,"tipo_id": 7}, {"id": 665,"sitio_id": 517,"tipo_id": 1}, {"id": 666,"sitio_id": 517,"tipo_id": 7}, {"id": 667,"sitio_id": 518,"tipo_id": 1}, {"id": 668,"sitio_id": 519,"tipo_id": 1}, {"id": 669,"sitio_id": 520,"tipo_id": 1}, {"id": 670,"sitio_id": 520,"tipo_id": 7}, {"id": 671,"sitio_id": 521,"tipo_id": 1}, {"id": 672,"sitio_id": 521,"tipo_id": 7}, {"id": 673,"sitio_id": 522,"tipo_id": 1}, {"id": 674,"sitio_id": 522,"tipo_id": 5}, {"id": 675,"sitio_id": 523,"tipo_id": 1}, {"id": 676,"sitio_id": 523,"tipo_id": 7}, {"id": 677,"sitio_id": 524,"tipo_id": 1}, {"id": 678,"sitio_id": 525,"tipo_id": 7}, {"id": 679,"sitio_id": 526,"tipo_id": 7}, {"id": 680,"sitio_id": 527,"tipo_id": 7}, {"id": 681,"sitio_id": 528,"tipo_id": 4}, {"id": 682,"sitio_id": 529,"tipo_id": 4}, {"id": 683,"sitio_id": 530,"tipo_id": 1}, {"id": 684,"sitio_id": 530,"tipo_id": 7}, {"id": 685,"sitio_id": 531,"tipo_id": 7}, {"id": 686,"sitio_id": 532,"tipo_id": 7}, {"id": 687,"sitio_id": 533,"tipo_id": 7}, {"id": 688,"sitio_id": 534,"tipo_id": 7}, {"id": 689,"sitio_id": 535,"tipo_id": 7}, {"id": 690,"sitio_id": 536,"tipo_id": 7}, {"id": 691,"sitio_id": 537,"tipo_id": 7}, {"id": 692,"sitio_id": 538,"tipo_id": 7}, {"id": 693,"sitio_id": 539,"tipo_id": 7}, {"id": 694,"sitio_id": 540,"tipo_id": 7}, {"id": 695,"sitio_id": 541,"tipo_id": 7}, {"id": 696,"sitio_id": 542,"tipo_id": 7}, {"id": 697,"sitio_id": 543,"tipo_id": 7}, {"id": 698,"sitio_id": 544,"tipo_id": 7}, {"id": 699,"sitio_id": 545,"tipo_id": 7}, {"id": 700,"sitio_id": 546,"tipo_id": 7}, {"id": 701,"sitio_id": 547,"tipo_id": 7}, {"id": 702,"sitio_id": 548,"tipo_id": 7}, {"id": 703,"sitio_id": 549,"tipo_id": 7}, {"id": 704,"sitio_id": 550,"tipo_id": 7}, {"id": 705,"sitio_id": 551,"tipo_id": 7}, {"id": 706,"sitio_id": 552,"tipo_id": 7}, {"id": 707,"sitio_id": 553,"tipo_id": 7}, {"id": 708,"sitio_id": 554,"tipo_id": 7}, {"id": 709,"sitio_id": 555,"tipo_id": 7}, {"id": 710,"sitio_id": 556,"tipo_id": 7}, {"id": 711,"sitio_id": 557,"tipo_id": 7}, {"id": 712,"sitio_id": 558,"tipo_id": 7}, {"id": 713,"sitio_id": 559,"tipo_id": 7}, {"id": 714,"sitio_id": 560,"tipo_id": 7}, {"id": 715,"sitio_id": 561,"tipo_id": 7}, {"id": 716,"sitio_id": 562,"tipo_id": 7}, {"id": 717,"sitio_id": 563,"tipo_id": 1}, {"id": 718,"sitio_id": 564,"tipo_id": 1}, {"id": 719,"sitio_id": 564,"tipo_id": 5}, {"id": 720,"sitio_id": 564,"tipo_id": 9}, {"id": 721,"sitio_id": 564,"tipo_id": 14}, {"id": 722,"sitio_id": 564,"tipo_id": 4}, {"id": 723,"sitio_id": 564,"tipo_id": 2}, {"id": 724,"sitio_id": 565,"tipo_id": 1}, {"id": 725,"sitio_id": 566,"tipo_id": 1}, {"id": 726,"sitio_id": 567,"tipo_id": 1}, {"id": 727,"sitio_id": 568,"tipo_id": 1}, {"id": 728,"sitio_id": 569,"tipo_id": 1}, {"id": 729,"sitio_id": 570,"tipo_id": 1}, {"id": 730,"sitio_id": 571,"tipo_id": 1}, {"id": 731,"sitio_id": 572,"tipo_id": 1}, {"id": 732,"sitio_id": 573,"tipo_id": 1}, {"id": 733,"sitio_id": 574,"tipo_id": 1}, {"id": 734,"sitio_id": 575,"tipo_id": 1}, {"id": 735,"sitio_id": 576,"tipo_id": 1}, {"id": 736,"sitio_id": 577,"tipo_id": 1}, {"id": 737,"sitio_id": 578,"tipo_id": 1}, {"id": 738,"sitio_id": 579,"tipo_id": 1}, {"id": 739,"sitio_id": 580,"tipo_id": 1}, {"id": 740,"sitio_id": 581,"tipo_id": 1}, {"id": 741,"sitio_id": 582,"tipo_id": 1}, {"id": 742,"sitio_id": 583,"tipo_id": 1}, {"id": 743,"sitio_id": 584,"tipo_id": 1}, {"id": 744,"sitio_id": 585,"tipo_id": 1}, {"id": 745,"sitio_id": 586,"tipo_id": 1}, {"id": 746,"sitio_id": 587,"tipo_id": 1}, {"id": 747,"sitio_id": 588,"tipo_id": 1}, {"id": 748,"sitio_id": 589,"tipo_id": 1}, {"id": 749,"sitio_id": 590,"tipo_id": 1}, {"id": 750,"sitio_id": 591,"tipo_id": 1}, {"id": 751,"sitio_id": 592,"tipo_id": 5}, {"id": 752,"sitio_id": 592,"tipo_id": 15}, {"id": 753,"sitio_id": 593,"tipo_id": 1}, {"id": 754,"sitio_id": 593,"tipo_id": 7}, {"id": 755,"sitio_id": 594,"tipo_id": 11}, {"id": 756,"sitio_id": 594,"tipo_id": 4}, {"id": 757,"sitio_id": 595,"tipo_id": 3}, {"id": 758,"sitio_id": 595,"tipo_id": 7}, {"id": 759,"sitio_id": 596,"tipo_id": 1}, {"id": 760,"sitio_id": 597,"tipo_id": 3}, {"id": 761,"sitio_id": 598,"tipo_id": 4}, {"id": 762,"sitio_id": 598,"tipo_id": 2}, {"id": 763,"sitio_id": 599,"tipo_id": 2}, {"id": 764,"sitio_id": 600,"tipo_id": 3}, {"id": 765,"sitio_id": 600,"tipo_id": 7}, {"id": 766,"sitio_id": 601,"tipo_id": 5}, {"id": 767,"sitio_id": 601,"tipo_id": 3}, {"id": 768,"sitio_id": 601,"tipo_id": 7}, {"id": 770,"sitio_id": 603,"tipo_id": 7}, {"id": 771,"sitio_id": 604,"tipo_id": 1}, {"id": 772,"sitio_id": 604,"tipo_id": 7}, {"id": 773,"sitio_id": 605,"tipo_id": 3}, {"id": 774,"sitio_id": 605,"tipo_id": 2}, {"id": 775,"sitio_id": 606,"tipo_id": 1}, {"id": 776,"sitio_id": 606,"tipo_id": 7}, {"id": 778,"sitio_id": 607,"tipo_id": 7}, {"id": 782,"sitio_id": 608,"tipo_id": 4}, {"id": 781,"sitio_id": 608,"tipo_id": 8}, {"id": 783,"sitio_id": 609,"tipo_id": 1}, {"id": 784,"sitio_id": 609,"tipo_id": 5}, {"id": 785,"sitio_id": 610,"tipo_id": 1}, {"id": 786,"sitio_id": 610,"tipo_id": 7}, {"id": 787,"sitio_id": 611,"tipo_id": 4}, {"id": 788,"sitio_id": 612,"tipo_id": 13}, {"id": 789,"sitio_id": 613,"tipo_id": 7}, {"id": 790,"sitio_id": 614,"tipo_id": 1}, {"id": 791,"sitio_id": 614,"tipo_id": 5}, {"id": 792,"sitio_id": 615,"tipo_id": 7}, {"id": 793,"sitio_id": 616,"tipo_id": 1}, {"id": 794,"sitio_id": 616,"tipo_id": 8}, {"id": 795,"sitio_id": 617,"tipo_id": 1}, {"id": 796,"sitio_id": 618,"tipo_id": 1}, {"id": 797,"sitio_id": 618,"tipo_id": 5}, {"id": 798,"sitio_id": 619,"tipo_id": 1}, {"id": 799,"sitio_id": 620,"tipo_id": 1}, {"id": 800,"sitio_id": 621,"tipo_id": 7}, {"id": 801,"sitio_id": 622,"tipo_id": 1}, {"id": 802,"sitio_id": 623,"tipo_id": 1}, {"id": 803,"sitio_id": 623,"tipo_id": 5}, {"id": 804,"sitio_id": 624,"tipo_id": 1}, {"id": 805,"sitio_id": 625,"tipo_id": 1}, {"id": 806,"sitio_id": 625,"tipo_id": 7}, {"id": 807,"sitio_id": 626,"tipo_id": 1}, {"id": 808,"sitio_id": 626,"tipo_id": 5}, {"id": 809,"sitio_id": 627,"tipo_id": 1}, {"id": 810,"sitio_id": 627,"tipo_id": 5}, {"id": 811,"sitio_id": 628,"tipo_id": 1}, {"id": 812,"sitio_id": 628,"tipo_id": 5}, {"id": 813,"sitio_id": 629,"tipo_id": 1}, {"id": 814,"sitio_id": 629,"tipo_id": 5}, {"id": 815,"sitio_id": 630,"tipo_id": 1}, {"id": 816,"sitio_id": 630,"tipo_id": 5}, {"id": 817,"sitio_id": 631,"tipo_id": 4}, {"id": 818,"sitio_id": 632,"tipo_id": 1}, {"id": 819,"sitio_id": 632,"tipo_id": 5}, {"id": 820,"sitio_id": 632,"tipo_id": 7}, {"id": 821,"sitio_id": 633,"tipo_id": 5}, {"id": 822,"sitio_id": 634,"tipo_id": 1}, {"id": 823,"sitio_id": 634,"tipo_id": 5}, {"id": 824,"sitio_id": 634,"tipo_id": 8}, {"id": 825,"sitio_id": 634,"tipo_id": 4}, {"id": 826,"sitio_id": 634,"tipo_id": 2}, {"id": 827,"sitio_id": 634,"tipo_id": 12}, {"id": 828,"sitio_id": 635,"tipo_id": 5}, {"id": 829,"sitio_id": 636,"tipo_id": 1}, {"id": 830,"sitio_id": 637,"tipo_id": 1}, {"id": 831,"sitio_id": 637,"tipo_id": 4}, {"id": 832,"sitio_id": 637,"tipo_id": 7}, {"id": 833,"sitio_id": 638,"tipo_id": 11}, {"id": 834,"sitio_id": 639,"tipo_id": 5}, {"id": 835,"sitio_id": 640,"tipo_id": 1}, {"id": 836,"sitio_id": 640,"tipo_id": 8}, {"id": 837,"sitio_id": 640,"tipo_id": 7}, {"id": 838,"sitio_id": 641,"tipo_id": 5}, {"id": 839,"sitio_id": 641,"tipo_id": 7}, {"id": 840,"sitio_id": 642,"tipo_id": 5}, {"id": 841,"sitio_id": 642,"tipo_id": 7}, {"id": 842,"sitio_id": 643,"tipo_id": 5}, {"id": 843,"sitio_id": 643,"tipo_id": 7}, {"id": 844,"sitio_id": 644,"tipo_id": 5}, {"id": 845,"sitio_id": 644,"tipo_id": 7}, {"id": 846,"sitio_id": 645,"tipo_id": 7}, {"id": 847,"sitio_id": 646,"tipo_id": 5}, {"id": 848,"sitio_id": 646,"tipo_id": 7}, {"id": 849,"sitio_id": 647,"tipo_id": 5}, {"id": 850,"sitio_id": 647,"tipo_id": 7}, {"id": 851,"sitio_id": 648,"tipo_id": 4}, {"id": 852,"sitio_id": 649,"tipo_id": 1}, {"id": 853,"sitio_id": 649,"tipo_id": 7}, {"id": 854,"sitio_id": 650,"tipo_id": 1}, {"id": 855,"sitio_id": 650,"tipo_id": 5}, {"id": 856,"sitio_id": 650,"tipo_id": 8}, {"id": 857,"sitio_id": 650,"tipo_id": 7}, {"id": 858,"sitio_id": 651,"tipo_id": 5}, {"id": 859,"sitio_id": 651,"tipo_id": 6}, {"id": 860,"sitio_id": 652,"tipo_id": 5}, {"id": 861,"sitio_id": 652,"tipo_id": 8}, {"id": 862,"sitio_id": 652,"tipo_id": 6}, {"id": 863,"sitio_id": 653,"tipo_id": 5}, {"id": 864,"sitio_id": 653,"tipo_id": 8}, {"id": 865,"sitio_id": 654,"tipo_id": 1}, {"id": 866,"sitio_id": 654,"tipo_id": 5}, {"id": 867,"sitio_id": 655,"tipo_id": 1}, {"id": 949,"sitio_id": 656,"tipo_id": 8}, {"id": 950,"sitio_id": 656,"tipo_id": 1}, {"id": 870,"sitio_id": 657,"tipo_id": 1}, {"id": 871,"sitio_id": 658,"tipo_id": 1}, {"id": 872,"sitio_id": 659,"tipo_id": 1}, {"id": 873,"sitio_id": 659,"tipo_id": 5}, {"id": 874,"sitio_id": 659,"tipo_id": 8}, {"id": 875,"sitio_id": 660,"tipo_id": 1}, {"id": 876,"sitio_id": 661,"tipo_id": 1}, {"id": 877,"sitio_id": 662,"tipo_id": 1}, {"id": 878,"sitio_id": 663,"tipo_id": 1}, {"id": 879,"sitio_id": 663,"tipo_id": 5}, {"id": 880,"sitio_id": 664,"tipo_id": 1}, {"id": 881,"sitio_id": 665,"tipo_id": 1}, {"id": 882,"sitio_id": 665,"tipo_id": 8}, {"id": 883,"sitio_id": 666,"tipo_id": 1}, {"id": 884,"sitio_id": 666,"tipo_id": 5}, {"id": 885,"sitio_id": 667,"tipo_id": 7}, {"id": 886,"sitio_id": 668,"tipo_id": 1}, {"id": 887,"sitio_id": 669,"tipo_id": 7}, {"id": 888,"sitio_id": 670,"tipo_id": 7}, {"id": 889,"sitio_id": 671,"tipo_id": 1}, {"id": 890,"sitio_id": 671,"tipo_id": 5}, {"id": 891,"sitio_id": 671,"tipo_id": 7}, {"id": 892,"sitio_id": 672,"tipo_id": 5}, {"id": 893,"sitio_id": 672,"tipo_id": 7}, {"id": 894,"sitio_id": 673,"tipo_id": 7}, {"id": 895,"sitio_id": 674,"tipo_id": 5}, {"id": 896,"sitio_id": 674,"tipo_id": 7}, {"id": 897,"sitio_id": 675,"tipo_id": 5}, {"id": 898,"sitio_id": 675,"tipo_id": 11}, {"id": 899,"sitio_id": 675,"tipo_id": 4}, {"id": 900,"sitio_id": 676,"tipo_id": 1}, {"id": 901,"sitio_id": 676,"tipo_id": 7}, {"id": 902,"sitio_id": 677,"tipo_id": 7}, {"id": 903,"sitio_id": 678,"tipo_id": 7}, {"id": 904,"sitio_id": 679,"tipo_id": 1}, {"id": 905,"sitio_id": 680,"tipo_id": 1}, {"id": 906,"sitio_id": 681,"tipo_id": 7}, {"id": 907,"sitio_id": 682,"tipo_id": 1}, {"id": 908,"sitio_id": 682,"tipo_id": 5}, {"id": 909,"sitio_id": 682,"tipo_id": 7}, {"id": 910,"sitio_id": 683,"tipo_id": 7}, {"id": 911,"sitio_id": 684,"tipo_id": 7}, {"id": 912,"sitio_id": 685,"tipo_id": 7}, {"id": 913,"sitio_id": 686,"tipo_id": 7}, {"id": 914,"sitio_id": 687,"tipo_id": 14}, {"id": 915,"sitio_id": 687,"tipo_id": 7}, {"id": 916,"sitio_id": 688,"tipo_id": 7}, {"id": 917,"sitio_id": 689,"tipo_id": 5}, {"id": 918,"sitio_id": 689,"tipo_id": 7}, {"id": 919,"sitio_id": 690,"tipo_id": 7}, {"id": 920,"sitio_id": 691,"tipo_id": 7}, {"id": 921,"sitio_id": 692,"tipo_id": 7}, {"id": 922,"sitio_id": 693,"tipo_id": 7}, {"id": 923,"sitio_id": 694,"tipo_id": 7}, {"id": 924,"sitio_id": 695,"tipo_id": 14}, {"id": 925,"sitio_id": 695,"tipo_id": 7}, {"id": 926,"sitio_id": 696,"tipo_id": 5}, {"id": 927,"sitio_id": 696,"tipo_id": 7}, {"id": 928,"sitio_id": 697,"tipo_id": 7}, {"id": 929,"sitio_id": 698,"tipo_id": 7}, {"id": 930,"sitio_id": 699,"tipo_id": 7}, {"id": 931,"sitio_id": 700,"tipo_id": 7}, {"id": 932,"sitio_id": 701,"tipo_id": 1}, {"id": 933,"sitio_id": 701,"tipo_id": 7}, {"id": 934,"sitio_id": 702,"tipo_id": 7}, {"id": 935,"sitio_id": 703,"tipo_id": 7}, {"id": 936,"sitio_id": 704,"tipo_id": 7}, {"id": 937,"sitio_id": 705,"tipo_id": 7}, {"id": 938,"sitio_id": 706,"tipo_id": 7}, {"id": 939,"sitio_id": 707,"tipo_id": 7}, {"id": 940,"sitio_id": 708,"tipo_id": 7}, {"id": 941,"sitio_id": 709,"tipo_id": 7}, {"id": 942,"sitio_id": 710,"tipo_id": 5}, {"id": 943,"sitio_id": 711,"tipo_id": 5}, {"id": 944,"sitio_id": 711,"tipo_id": 7}, {"id": 945,"sitio_id": 712,"tipo_id": 7}, {"id": 946,"sitio_id": 713,"tipo_id": 7}, {"id": 951,"sitio_id": 714,"tipo_id": 1}, {"id": 952,"sitio_id": 714,"tipo_id": 5}, {"id": 953,"sitio_id": 714,"tipo_id": 8}, {"id": 954,"sitio_id": 714,"tipo_id": 11}, {"id": 955,"sitio_id": 714,"tipo_id": 4}, {"id": 956,"sitio_id": 714,"tipo_id": 2}, {"id": 958,"sitio_id": 715,"tipo_id": 7}, {"id": 959,"sitio_id": 716,"tipo_id": 1}, {"id": 960,"sitio_id": 716,"tipo_id": 7}, {"id": 961,"sitio_id": 717,"tipo_id": 1}, {"id": 962,"sitio_id": 717,"tipo_id": 11}, {"id": 963,"sitio_id": 717,"tipo_id": 3}, {"id": 964,"sitio_id": 717,"tipo_id": 4}, {"id": 965,"sitio_id": 718,"tipo_id": 1}, {"id": 966,"sitio_id": 718,"tipo_id": 5}, {"id": 967,"sitio_id": 718,"tipo_id": 8}, {"id": 968,"sitio_id": 718,"tipo_id": 11}, {"id": 969,"sitio_id": 718,"tipo_id": 4}, {"id": 970,"sitio_id": 718,"tipo_id": 2}, {"id": 971,"sitio_id": 718,"tipo_id": 12}, {"id": 972,"sitio_id": 719,"tipo_id": 1}, {"id": 973,"sitio_id": 719,"tipo_id": 3}, {"id": 974,"sitio_id": 719,"tipo_id": 4}, {"id": 975,"sitio_id": 720,"tipo_id": 5}, {"id": 976,"sitio_id": 720,"tipo_id": 8}, {"id": 977,"sitio_id": 721,"tipo_id": 7}, {"id": 978,"sitio_id": 722,"tipo_id": 5}, {"id": 979,"sitio_id": 722,"tipo_id": 15}, {"id": 980,"sitio_id": 722,"tipo_id": 14}, {"id": 981,"sitio_id": 722,"tipo_id": 12}]